<?xml version="1.0" encoding="utf-8"?>
<hibernate-configuration xmlns="urn:nhibernate-configuration-2.2">
  <session-factory>
    <property name="connection.provider">NHibernate.Connection.DriverConnectionProvider</property>
    <property name="dialect">NHibernate.Dialect.MsSql2008Dialect</property>
    <property name="connection.driver_class">NHibernate.Driver.SqlClientDriver</property>
    <property name="connection.connection_string">
      Data Source=.;
      Initial Catalog=TodoList;
      User ID=sa;
      Password=12380137;
      Persist Security Info=True;
    </property>
    <property name="current_session_context_class">web</property>
    <property name="proxyfactory.factory_class">NHibernate.Bytecode.DefaultProxyFactoryFactory, NHibernate</property>
    <property name="show_sql">false</property>
  </session-factory>
</hibernate-configuration>
